{
    "Logistic Regression": {
        "accuracy": 0.825,
        "auc": 0.8956473214285714,
        "precision": 0.826396221172548,
        "recall": 0.825,
        "f1": 0.8251826086956522,
        "mcc": 0.6504260318767084,
        "confusion_matrix": [
            [
                52,
                12
            ],
            [
                9,
                47
            ]
        ],
        "classification_report": {
            "0": {
                "precision": 0.8524590163934426,
                "recall": 0.8125,
                "f1-score": 0.832,
                "support": 64.0
            },
            "1": {
                "precision": 0.7966101694915254,
                "recall": 0.8392857142857143,
                "f1-score": 0.8173913043478261,
                "support": 56.0
            },
            "accuracy": 0.825,
            "macro avg": {
                "precision": 0.824534592942484,
                "recall": 0.8258928571428572,
                "f1-score": 0.824695652173913,
                "support": 120.0
            },
            "weighted avg": {
                "precision": 0.826396221172548,
                "recall": 0.825,
                "f1-score": 0.8251826086956522,
                "support": 120.0
            }
        }
    },
    "Decision Tree": {
        "accuracy": 0.7666666666666667,
        "auc": 0.765625,
        "precision": 0.7666666666666667,
        "recall": 0.7666666666666667,
        "f1": 0.7666666666666667,
        "mcc": 0.53125,
        "confusion_matrix": [
            [
                50,
                14
            ],
            [
                14,
                42
            ]
        ],
        "classification_report": {
            "0": {
                "precision": 0.78125,
                "recall": 0.78125,
                "f1-score": 0.78125,
                "support": 64.0
            },
            "1": {
                "precision": 0.75,
                "recall": 0.75,
                "f1-score": 0.75,
                "support": 56.0
            },
            "accuracy": 0.7666666666666667,
            "macro avg": {
                "precision": 0.765625,
                "recall": 0.765625,
                "f1-score": 0.765625,
                "support": 120.0
            },
            "weighted avg": {
                "precision": 0.7666666666666667,
                "recall": 0.7666666666666667,
                "f1-score": 0.7666666666666667,
                "support": 120.0
            }
        }
    },
    "KNN": {
        "accuracy": 0.7833333333333333,
        "auc": 0.841796875,
        "precision": 0.7836349924585219,
        "recall": 0.7833333333333333,
        "f1": 0.7826038159371492,
        "mcc": 0.5640577618420359,
        "confusion_matrix": [
            [
                53,
                11
            ],
            [
                15,
                41
            ]
        ],
        "classification_report": {
            "0": {
                "precision": 0.7794117647058824,
                "recall": 0.828125,
                "f1-score": 0.803030303030303,
                "support": 64.0
            },
            "1": {
                "precision": 0.7884615384615384,
                "recall": 0.7321428571428571,
                "f1-score": 0.7592592592592593,
                "support": 56.0
            },
            "accuracy": 0.7833333333333333,
            "macro avg": {
                "precision": 0.7839366515837104,
                "recall": 0.7801339285714286,
                "f1-score": 0.7811447811447811,
                "support": 120.0
            },
            "weighted avg": {
                "precision": 0.7836349924585219,
                "recall": 0.7833333333333333,
                "f1-score": 0.7826038159371492,
                "support": 120.0
            }
        }
    },
    "Naive Bayes": {
        "accuracy": 0.7666666666666667,
        "auc": 0.8803013392857143,
        "precision": 0.7907407407407407,
        "recall": 0.7666666666666667,
        "f1": 0.7645833333333333,
        "mcc": 0.5591833437297304,
        "confusion_matrix": [
            [
                42,
                22
            ],
            [
                6,
                50
            ]
        ],
        "classification_report": {
            "0": {
                "precision": 0.875,
                "recall": 0.65625,
                "f1-score": 0.75,
                "support": 64.0
            },
            "1": {
                "precision": 0.6944444444444444,
                "recall": 0.8928571428571429,
                "f1-score": 0.78125,
                "support": 56.0
            },
            "accuracy": 0.7666666666666667,
            "macro avg": {
                "precision": 0.7847222222222222,
                "recall": 0.7745535714285714,
                "f1-score": 0.765625,
                "support": 120.0
            },
            "weighted avg": {
                "precision": 0.7907407407407407,
                "recall": 0.7666666666666667,
                "f1-score": 0.7645833333333333,
                "support": 120.0
            }
        }
    },
    "Random Forest": {
        "accuracy": 0.8416666666666667,
        "auc": 0.8971819196428572,
        "precision": 0.8415850815850816,
        "recall": 0.8416666666666667,
        "f1": 0.8415671485438927,
        "mcc": 0.6816599883082031,
        "confusion_matrix": [
            [
                55,
                9
            ],
            [
                10,
                46
            ]
        ],
        "classification_report": {
            "0": {
                "precision": 0.8461538461538461,
                "recall": 0.859375,
                "f1-score": 0.8527131782945736,
                "support": 64.0
            },
            "1": {
                "precision": 0.8363636363636363,
                "recall": 0.8214285714285714,
                "f1-score": 0.8288288288288288,
                "support": 56.0
            },
            "accuracy": 0.8416666666666667,
            "macro avg": {
                "precision": 0.8412587412587412,
                "recall": 0.8404017857142857,
                "f1-score": 0.8407710035617012,
                "support": 120.0
            },
            "weighted avg": {
                "precision": 0.8415850815850816,
                "recall": 0.8416666666666667,
                "f1-score": 0.8415671485438927,
                "support": 120.0
            }
        }
    },
    "XGBoost": {
        "accuracy": 0.8083333333333333,
        "auc": 0.84765625,
        "precision": 0.8097434472538668,
        "recall": 0.8083333333333333,
        "f1": 0.8085333333333333,
        "mcc": 0.6170137357186584,
        "confusion_matrix": [
            [
                51,
                13
            ],
            [
                10,
                46
            ]
        ],
        "classification_report": {
            "0": {
                "precision": 0.8360655737704918,
                "recall": 0.796875,
                "f1-score": 0.816,
                "support": 64.0
            },
            "1": {
                "precision": 0.7796610169491526,
                "recall": 0.8214285714285714,
                "f1-score": 0.8,
                "support": 56.0
            },
            "accuracy": 0.8083333333333333,
            "macro avg": {
                "precision": 0.8078632953598222,
                "recall": 0.8091517857142857,
                "f1-score": 0.808,
                "support": 120.0
            },
            "weighted avg": {
                "precision": 0.8097434472538668,
                "recall": 0.8083333333333333,
                "f1-score": 0.8085333333333333,
                "support": 120.0
            }
        }
    }
}